www.laprairie.com.cn,2
zhishi.scarbbs.com,2
mall.jumei.com,3
beauty.onlylady.com,3
beauty.zdface.com,6
hufu.onlylady.com,3
beauty.9939.com,4
cart.jumei.com,3
beauty.shangc.net,5
loreal.jumei.com,3
blog.360xh.com,3
bbs.roadlady.com,4
spa.138job.com,2
jianding.jumei.com,3
ranking.kimiss.com,3
www.xjmx-edu.com,3
dushewang.com,3
alihuahua.com,2
cku.org.cn,2
www.zhiwutong.com,2
www.52hua.cn,2
www.zhiwuwang.com,2
gdgs.chinaxinge.com,4
www.1mi.net,5
www.mgous.com,3
www.xiaokeai.com,2
m.dushewang.com,3
www.reptilesworld.com,2
www.malatown.com.cn,2
gdxh.chinaxinge.com,4
www.cku.org.cn,2
news.chinaxinge.com,4
jlb.chinaxinge.com,4
www.aihuhua.com,2
www.chongshe.cn,2
www.ihuashi.cn,2
m.ixiupet.com,2
www.chagougou.com,2
www.ixiupet.com,2
www.9huadian.net,2
www.yuejiw.com,2
www.epet.com,2
www.xiao89.com,4
www.cocodiy.com,2
shop.boqii.com,4
www.huamu.com,3
www.nongmiao.com,2
bomei.goupu.com.cn,2
www.lovepet.cn,2
jinmao.goupu.com.cn,2
www.cy4321.com,5
news.yuanlin.com,3
cppa-pet.org,2
chongwu.huangye88.com,7
member.hmlan.com,2
www.baili5.com,2
haagendazs.alihuahua.com,2
85duc.alihuahua.com,2
taidi.goupu.com.cn,2
demu.goupu.com.cn,2
zangao.goupu.com.cn,2
m.zxhd.com,2
cards.163.com,9
www.alihuahua.com,2
yy.yuanlin.com,3
www.flower18.com.cn,2
jujia.qm120.com,4
cn.ipanda.com,2
stu.iplant.cn,3
ntg.goupu.com.cn,2
www.penzai.com,3
chaiquan.goupu.com.cn,2
juanhua.99114.com,4
www.dj120.cn,4
www.heilanggou.com,2
www.dushewang.com,3
xa.hua.com,3
chongwu.edeng.cn,3
mip.penzai.com,3
www.52gougouwang.com,2
e.boqii.com,4
www.cppa-pet.org,2
hua.99.com,4
she.baike.com,3
bbs.boqii.com,4
xiao84.com,3
guodegang.org,3
biedoul.com,2
www.guodegang.org,3
gxdxw.cn,2
miyudaquan.com,2
rqxh.net,2
xiao84.com,3
guodegang.org,3
biedoul.com,2
www.guodegang.org,3
gxdxw.cn,2
miyudaquan.com,2
rqxh.net,2
xiao84.com,3
guodegang.org,3
biedoul.com,2
www.guodegang.org,3
gxdxw.cn,2
miyudaquan.com,2
rqxh.net,2
xiao84.com,3
guodegang.org,3
biedoul.com,2
www.guodegang.org,3
gxdxw.cn,2
miyudaquan.com,2
rqxh.net,2
xiao84.com,3
guodegang.org,3
biedoul.com,2
www.guodegang.org,3
gxdxw.cn,2
miyudaquan.com,2
rqxh.net,2
xiao84.com,3
guodegang.org,3
biedoul.com,2
www.guodegang.org,3
gxdxw.cn,2
miyudaquan.com,2
rqxh.net,2
xiao84.com,3
guodegang.org,3
biedoul.com,2
www.guodegang.org,3
gxdxw.cn,2
miyudaquan.com,2
rqxh.net,2
xiao84.com,3
guodegang.org,3
biedoul.com,2
www.guodegang.org,3
gxdxw.cn,2
miyudaquan.com,2
rqxh.net,2
xiao84.com,3
guodegang.org,3
biedoul.com,2
www.guodegang.org,3
gxdxw.cn,2
miyudaquan.com,2
rqxh.net,2
xiao84.com,3
guodegang.org,3
biedoul.com,2
www.guodegang.org,3
gxdxw.cn,2
miyudaquan.com,2
rqxh.net,2
xiao84.com,3
guodegang.org,3
biedoul.com,2
www.guodegang.org,3
gxdxw.cn,2
miyudaquan.com,2
rqxh.net,2
xiao84.com,3
guodegang.org,3
biedoul.com,2
www.guodegang.org,3
gxdxw.cn,2
miyudaquan.com,2
rqxh.net,2
xiao84.com,3
guodegang.org,3
biedoul.com,2
www.guodegang.org,3
gxdxw.cn,2
miyudaquan.com,2
rqxh.net,2
xiao84.com,3
guodegang.org,3
biedoul.com,2
www.guodegang.org,3
gxdxw.cn,2
miyudaquan.com,2
rqxh.net,2
xiao84.com,3
guodegang.org,3
biedoul.com,2
www.guodegang.org,3
gxdxw.cn,2
miyudaquan.com,2
rqxh.net,2
xiao84.com,3
guodegang.org,3
biedoul.com,2
www.guodegang.org,3
gxdxw.cn,2
miyudaquan.com,2
rqxh.net,2
xiao84.com,3
guodegang.org,3
biedoul.com,2
www.guodegang.org,3
gxdxw.cn,2
miyudaquan.com,2
rqxh.net,2
xiao84.com,3
guodegang.org,3
biedoul.com,2
www.guodegang.org,3
gxdxw.cn,2
miyudaquan.com,2
rqxh.net,2
xiao84.com,3
guodegang.org,3
biedoul.com,2
www.guodegang.org,3
gxdxw.cn,2
miyudaquan.com,2
rqxh.net,2
xiao84.com,3
guodegang.org,3
biedoul.com,2
www.guodegang.org,3
gxdxw.cn,2
miyudaquan.com,2
rqxh.net,2
xiao84.com,3
guodegang.org,3
biedoul.com,2
www.guodegang.org,3
gxdxw.cn,2
miyudaquan.com,2
rqxh.net,2
xiao84.com,3
guodegang.org,3
biedoul.com,2
www.guodegang.org,3
gxdxw.cn,2
miyudaquan.com,2
rqxh.net,2
xiao84.com,3
guodegang.org,3
biedoul.com,2
www.guodegang.org,3
gxdxw.cn,2
miyudaquan.com,2
rqxh.net,2
xiao84.com,3
guodegang.org,3
biedoul.com,2
www.guodegang.org,3
gxdxw.cn,2
miyudaquan.com,2
rqxh.net,2
xiao84.com,3
guodegang.org,3
biedoul.com,2
www.guodegang.org,3
gxdxw.cn,2
miyudaquan.com,2
rqxh.net,2
xiao84.com,3
guodegang.org,3
biedoul.com,2
www.guodegang.org,3
gxdxw.cn,2
miyudaquan.com,2
rqxh.net,2
xiao84.com,3
guodegang.org,3
biedoul.com,2
www.guodegang.org,3
gxdxw.cn,2
miyudaquan.com,2
rqxh.net,2
xiao84.com,3
guodegang.org,3
biedoul.com,2
www.guodegang.org,3
gxdxw.cn,2
miyudaquan.com,2
rqxh.net,2
xiao84.com,3
guodegang.org,3
biedoul.com,2
www.guodegang.org,3
gxdxw.cn,2
miyudaquan.com,2
rqxh.net,2
xiao84.com,3
guodegang.org,3
biedoul.com,2
www.guodegang.org,3
gxdxw.cn,2
miyudaquan.com,2
rqxh.net,2
xiao84.com,3
guodegang.org,3
biedoul.com,2
www.guodegang.org,3
gxdxw.cn,2
miyudaquan.com,2
rqxh.net,2
xiao84.com,3
guodegang.org,3
biedoul.com,2
www.guodegang.org,3
gxdxw.cn,2
miyudaquan.com,2
rqxh.net,2
xiao84.com,3
guodegang.org,3
biedoul.com,2
www.guodegang.org,3
gxdxw.cn,2
miyudaquan.com,2
rqxh.net,2
xiao84.com,3
guodegang.org,3
biedoul.com,2
www.guodegang.org,3
gxdxw.cn,2
miyudaquan.com,2
rqxh.net,2
xiao84.com,3
guodegang.org,3
biedoul.com,2
www.guodegang.org,3
gxdxw.cn,2
miyudaquan.com,2
rqxh.net,2
xiao84.com,3
guodegang.org,3
biedoul.com,2
www.guodegang.org,3
gxdxw.cn,2
miyudaquan.com,2
rqxh.net,2
xiao84.com,3
guodegang.org,3
biedoul.com,2
www.guodegang.org,3
gxdxw.cn,2
miyudaquan.com,2
rqxh.net,2
xiao84.com,3
guodegang.org,3
biedoul.com,2
www.guodegang.org,3
gxdxw.cn,2
miyudaquan.com,2
rqxh.net,2
xiao84.com,3
guodegang.org,3
biedoul.com,2
www.guodegang.org,3
gxdxw.cn,2
miyudaquan.com,2
rqxh.net,2
xiao84.com,3
guodegang.org,3
biedoul.com,2
www.guodegang.org,3
gxdxw.cn,2
miyudaquan.com,2
rqxh.net,2
xiao84.com,3
guodegang.org,3
biedoul.com,2
www.guodegang.org,3
gxdxw.cn,2
miyudaquan.com,2
rqxh.net,2
xiao84.com,3
guodegang.org,3
biedoul.com,2
www.guodegang.org,3
gxdxw.cn,2
miyudaquan.com,2
rqxh.net,2
xiao84.com,3
guodegang.org,3
biedoul.com,2
www.guodegang.org,3
gxdxw.cn,2
miyudaquan.com,2
rqxh.net,2
xiao84.com,3
guodegang.org,3
biedoul.com,2
www.guodegang.org,3
gxdxw.cn,2
miyudaquan.com,2
rqxh.net,2
xiao84.com,3
guodegang.org,3
biedoul.com,2
www.guodegang.org,3
gxdxw.cn,2
miyudaquan.com,2
rqxh.net,2
xiao84.com,3
guodegang.org,3
biedoul.com,2
www.guodegang.org,3
gxdxw.cn,2
miyudaquan.com,2
rqxh.net,2
xiao84.com,3
guodegang.org,3
biedoul.com,2
www.guodegang.org,3
gxdxw.cn,2
miyudaquan.com,2
rqxh.net,2
xiao84.com,3
guodegang.org,3
biedoul.com,2
www.guodegang.org,3
gxdxw.cn,2
miyudaquan.com,2
rqxh.net,2
xiao84.com,3
guodegang.org,3
biedoul.com,2
www.guodegang.org,3
gxdxw.cn,2
miyudaquan.com,2
rqxh.net,2
xiao84.com,3
guodegang.org,3
biedoul.com,2
www.guodegang.org,3
gxdxw.cn,2
miyudaquan.com,2
rqxh.net,2
xiao84.com,3
guodegang.org,3
biedoul.com,2
www.guodegang.org,3
gxdxw.cn,2
miyudaquan.com,2
rqxh.net,2
xiao84.com,3
guodegang.org,3
biedoul.com,2
www.guodegang.org,3
gxdxw.cn,2
miyudaquan.com,2
rqxh.net,2
xiao84.com,3
guodegang.org,3
biedoul.com,2
www.guodegang.org,3
gxdxw.cn,2
miyudaquan.com,2
rqxh.net,2
xiao84.com,3
guodegang.org,3
biedoul.com,2
www.guodegang.org,3
gxdxw.cn,2
miyudaquan.com,2
rqxh.net,2
xiao84.com,3
guodegang.org,3
biedoul.com,2
www.guodegang.org,3
gxdxw.cn,2
miyudaquan.com,2
rqxh.net,2
xiao84.com,3
guodegang.org,3
biedoul.com,2
www.guodegang.org,3
gxdxw.cn,2
miyudaquan.com,2
rqxh.net,2
xiao84.com,3
guodegang.org,3
biedoul.com,2
www.guodegang.org,3
gxdxw.cn,2
miyudaquan.com,2
rqxh.net,2
xiao84.com,3
guodegang.org,3
biedoul.com,2
www.guodegang.org,3
gxdxw.cn,2
miyudaquan.com,2
rqxh.net,2
xiao84.com,3
guodegang.org,3
biedoul.com,2
www.guodegang.org,3
gxdxw.cn,2
miyudaquan.com,2
rqxh.net,2
xiao84.com,3
guodegang.org,3
biedoul.com,2
www.guodegang.org,3
gxdxw.cn,2
miyudaquan.com,2
rqxh.net,2
xiao84.com,3
guodegang.org,3
biedoul.com,2
www.guodegang.org,3
gxdxw.cn,2
miyudaquan.com,2
rqxh.net,2
happyjuzi.com,5
sosoxian.com,3
www.songshifu.com,2
ent.zdface.com,6
www.shcaoan.com,3
ent.jxnews.com.cn,5
www.ddmap.com,2
star.xiziwang.net,4
yl.szhk.com,7
www.ixinwei.com,5
www.jushuo.com,4
fashion.sohu.com,9
www.51vv.com,4
yule.iqiyi.com,8
yyfsb.com,4
ishaohuang.com,3
www.gexing.com,2
www.esteelauder.com.cn,3
www.yulefm.com,3
www.luotianews.com,4
www.zhuaidei.com,5
lady.people.com.cn,7
ent.workercn.cn,5
star.pclady.com.cn,5
ellechina.com,2
vdfly.com,2
www.ibagua.com.cn,5
2chcn.com,2
loccitane.cn,2
m.idol001.com,2
baguadi.com,4
www.vogue.com.cn,4
www.ellechina.com,2
zuojing.com,2
www.vdfly.com,2
www.fsjoy.com,3
www.rejushe.com,4
www.skinme.cc,2
www.yyfsb.com,4
xihachina.com,2
m.sosoxian.com,3
m.kantao.cn,4
www.oxiang.com,3
yulehezi.com,2
clinique.com.cn,2
www.onlylady.com,3
korea.sohu.com,9
www.yule.com.cn,5
ent.ycwb.com,5
ent.ynet.com,4
fun.hsw.cn,5
koreastardaily.com,2
ent.dzwww.com,6
www.sephora.cn,3
shop.chinasspp.com,5
www.minghaoshangwu.com,2
gl.gao7.com,3
www.sdsdzq.com,3
www.pangjun.com,3
fashion.163.com,9
pet.pclady.com.cn,5
livemook.com,2
star.cjmx.com,6
www.sosoxian.com,3
www.qunchia.com,3
fun99.cn,2
cecet.cn,2
www.xiumizhan.com,2
fun.youth.cn,5
www.fashiontrenddigest.com,2
www.kimiss.com,3
eastlady.cn,2
www.ewang.com,2
astro.pclady.com.cn,5
www.marykay.com.cn,2
kridol.com,3
www.3xol.com,2
people.techweb.com.cn,6
news.vdfly.com,2
ent.qianzhan.com,5
ent.newhua.com,4
163686.com,3
ent.youku.com,8
www.ladymax.cn,2
verified.weibo.com,9
emotion.pclady.com.cn,5
fashion.ce.cn,6
fashion.hangzhou.com.cn,5
bbs.gq.com.cn,2
yule.voc.com.cn,5
ent.hangzhou.com.cn,5
www.818fw.com,3
www.fun99.cn,2
m.xiumu.cn,2
d.ent.ifeng.com,7
club.ent.sina.com.cn,8
enjoy.eastday.com,6
ent.scol.com.cn,5
yule.baidu.com,10
ent.lnd.com.cn,4
ent.msn.com.cn,2
www.cjmx.com,6
www.kridol.com,3
ku.ent.sina.com.cn,8
star.shangc.net,5
www.huainanren.wang,4
weizhang55944.qiyeshangpu.com,4
www.xiumu.cn,2
www.baguatv.com,2
www.xcqq8.com,2
www.xiaojiangs.com,2
www.kysq520.com,2
data.ent.163.com,9
et.21cn.com,3
lady.qq.com,10
amuse.nen.com.cn,2
bgl.shenchuang.com,4
msn.ent.ynet.com,4
bbs.yoka.com,4
luxury.qq.com,10
star.yoka.com,4
yule.zuiben.com,5
celebrity.huanqiu.com,7
bbs.rayli.com.cn,2
bagua.8684.com,5
bbs.ent.qq.com,10
venue.damai.cn,4
ent.pipi.cn,2
yzdd.jstv.com,5
liyinghuan.baijia.baidu.com,10
tianjin.mop.com,2
ent.10yan.com,3
ent.tudou.com,7
fashion.cnool.net,3
www.miqi.vipcom.cn,2
movie.runsky.com,2
bbs.yule.com.cn,5
bbs.yyfsb.com,4
fashion.xunlei.com,6
zhizao.tudou.com,7
ent.tvb.com,3
magazine.rayli.com.cn,2
media.china-ef.com,5
video.onlylady.com,3
ent.dbw.cn,7
ent.southcn.com,5
app.ent.ifeng.com,7
people.fengsung.com,4
combo.17getfun.com,3
ent.cqnews.net,4
ent.chinairn.com,5
